model,vs,dm_stat,p_value,mean_loss_diff
Climatology,SeasonalNaive,6.48840153604183,1.0176393061556155e-10,3.0260563690476205
QuantileAR,SeasonalNaive,-5.211974342914621,2.00049808718461e-07,-2.027945316888849
LightGBM,SeasonalNaive,-8.73655356187799,0.0,-3.3502756763999093
LightGBM-NoWeather,SeasonalNaive,-4.234609470737022,2.361228740399568e-05,-1.7738101198461915
LightGBM+CQR,SeasonalNaive,-8.94653588287995,0.0,-3.421848965473039
LightGBM+Mondrian,SeasonalNaive,-8.90604076119313,0.0,-3.417722826641514
DeepTFT,SeasonalNaive,-9.722135607784798,0.0,-3.8922568631322165
DeepTFT+CQR,SeasonalNaive,-9.741160038319643,0.0,-3.896740093702104
Ensemble,SeasonalNaive,-10.065237834390606,0.0,-3.9187531056857967
