label,n,mae,rmse,smape,pinball,crps,crossing_rate,mase,picp90,mpiw90,winkler90,picp80,mpiw80,winkler80,picp50,mpiw50,winkler50
Climatology,2880.0,45.3397,51.578,60.1409,10.5251,24.8279,0.0,0.0,0.9847,208.1364,212.2197,0.9698,154.8322,159.7774,0.5743,62.3656,97.6688
SeasonalNaive,2880.0,23.0228,33.9737,27.0275,7.4991,16.7896,0.0,0.0,0.9087,114.0894,160.7216,0.7194,56.5619,127.3131,0.3243,16.8022,80.8584
QuantileAR,2880.0,16.7208,24.4316,18.9363,5.4711,12.1772,0.0,0.0,0.8771,75.449,121.3089,0.7021,44.6406,92.75,0.4726,25.2248,58.3877
LightGBM,2880.0,13.5621,19.6935,16.0982,4.1488,9.4622,0.0,0.0,0.8573,48.8315,84.0323,0.6906,35.217,68.0975,0.3347,14.3996,44.9962
LightGBM-NoWeather,2880.0,19.2964,26.3576,22.3774,5.7252,13.2697,0.0,0.0,0.8743,71.9218,111.0305,0.7153,50.5742,89.1403,0.3281,21.5524,63.8518
LightGBM+CQR,2880.0,13.5621,19.6935,16.0982,4.0772,9.3054,0.0,0.0,0.9219,59.2303,83.5588,0.8139,44.2457,66.3322,0.4753,20.7174,43.7929
LightGBM+Mondrian,2880.0,13.5621,19.6935,16.0982,4.0813,9.32,0.0,0.0,0.9139,59.176,83.0369,0.8069,44.0344,66.636,0.4993,21.9622,43.8913
DeepTFT,2856.0,11.8922,18.0034,13.8252,3.5808,8.2251,0.0,0.0,0.8943,48.9272,71.5504,0.798,35.9273,57.1863,0.5,18.0346,39.294
DeepTFT+CQR,2856.0,11.8922,18.0034,13.8252,3.5763,8.215,0.0,0.0,0.9191,52.3941,71.4933,0.8141,37.6418,57.1128,0.5298,19.2962,39.2093
Ensemble,2880.0,11.891,17.8943,14.0853,3.5803,8.1833,0.0,0.0,0.9462,55.8271,73.2464,0.85,40.9811,57.7133,0.5483,20.0373,38.7319
