method,eur_per_mwh_per_gw,std_error,t,p_value,ci_low,ci_high,n,first_stage_F,n_instruments,sargan_stat,sargan_p,hac_lags,year
IV-2SLS (weather instruments),-15.084,1.696,-8.89,0.0,-18.408,-11.759,8664,6547.535,8,120.143,0.0,48,2015
IV-2SLS (weather instruments),-11.917,1.08,-11.03,0.0,-14.035,-9.8,8784,8307.031,8,157.912,0.0,48,2016
IV-2SLS (weather instruments),-9.859,0.828,-11.91,0.0,-11.481,-8.236,8760,4864.505,8,265.955,0.0,48,2017
IV-2SLS (weather instruments),-7.333,0.653,-11.23,0.0,-8.612,-6.053,8760,6312.841,8,61.351,0.0,48,2018
IV-2SLS (weather instruments),-5.661,0.475,-11.93,0.0,-6.592,-4.731,8760,9098.245,8,231.62,0.0,48,2019
IV-2SLS (weather instruments),-6.524,0.378,-17.24,0.0,-7.266,-5.783,8784,11804.782,8,54.456,0.0,48,2020
IV-2SLS (weather instruments),-16.813,1.745,-9.63,0.0,-20.234,-13.393,8760,11987.41,8,209.1,0.0,48,2021
IV-2SLS (weather instruments),-34.66,2.961,-11.71,0.0,-40.463,-28.858,8760,10647.12,8,308.859,0.0,48,2022
IV-2SLS (weather instruments),-13.383,0.703,-19.03,0.0,-14.761,-12.005,8760,10058.281,8,1791.105,0.0,48,2023
IV-2SLS (weather instruments),-12.011,0.887,-13.54,0.0,-13.75,-10.272,8784,11216.208,8,1439.634,0.0,48,2024
IV-2SLS (weather instruments),-10.691,0.602,-17.76,0.0,-11.87,-9.511,8760,10672.322,8,2441.868,0.0,48,2025
IV-2SLS (weather instruments),-10.968,0.878,-12.49,0.0,-12.69,-9.247,5737,6408.082,8,1589.49,0.0,48,2026
